[
  {
    "id": "2221364b-a3fc-4c4e-b7eb-bbb01daa44e1",
    "data": [
      {
        "text": "Tell me what you can do",
        "userDefined": false
      }
    ],
    "isTemplate": false,
    "count": 0,
    "updated": 0
  },
  {
    "id": "f7ef3e43-8aa6-4c2a-8a43-5da9cdfc49f9",
    "data": [
      {
        "text": "commands",
        "userDefined": false
      }
    ],
    "isTemplate": false,
    "count": 0,
    "updated": 0
  },
  {
    "id": "39ca5d65-1673-4b78-b594-f51ecabbc667",
    "data": [
      {
        "text": "what can u do",
        "userDefined": false
      }
    ],
    "isTemplate": false,
    "count": 0,
    "updated": 0
  },
  {
    "id": "e3a9a2d9-c117-400a-aa86-a6847109e103",
    "data": [
      {
        "text": "what can you do",
        "userDefined": false
      }
    ],
    "isTemplate": false,
    "count": 0
  }
]