[
  {
    "id": "705e9d39-83cb-401d-bdbc-e1dfbad6a70b",
    "data": [
      {
        "text": "what is mbs number 23",
        "userDefined": false
      }
    ],
    "isTemplate": false,
    "count": 0,
    "updated": 0
  },
  {
    "id": "6fb08008-cc44-481e-b6aa-3d9589fe2915",
    "data": [
      {
        "text": "what is item number ",
        "userDefined": false
      },
      {
        "text": "23",
        "alias": "item",
        "meta": "@sys.number",
        "userDefined": false
      }
    ],
    "isTemplate": false,
    "count": 0,
    "updated": 0
  },
  {
    "id": "9ce05d18-8507-4e57-acc1-2d96c21665d1",
    "data": [
      {
        "text": "what is ",
        "userDefined": false
      },
      {
        "text": "72",
        "alias": "item",
        "meta": "@sys.number",
        "userDefined": false
      }
    ],
    "isTemplate": false,
    "count": 0,
    "updated": 0
  },
  {
    "id": "fbb92f3d-3d7b-44e0-9f62-99671e78470e",
    "data": [
      {
        "text": "what is item ",
        "userDefined": false
      },
      {
        "text": "5040",
        "alias": "item",
        "meta": "@sys.number",
        "userDefined": true
      }
    ],
    "isTemplate": false,
    "count": 0,
    "updated": 0
  },
  {
    "id": "84215d7c-7f0e-4425-b612-dfa659776ffb",
    "data": [
      {
        "text": "tell me about item ",
        "userDefined": false
      },
      {
        "text": "23",
        "alias": "item",
        "meta": "@sys.number",
        "userDefined": true
      }
    ],
    "isTemplate": false,
    "count": 0
  }
]