[
  {
    "id": "1860c0cb-df49-4fd9-a6ee-70f2d91d739b",
    "data": [
      {
        "text": "MBS",
        "userDefined": false
      }
    ],
    "isTemplate": false,
    "count": 1
  },
  {
    "id": "c5003da9-7b31-4499-b760-62019480b621",
    "data": [
      {
        "text": "what is MBS item?",
        "userDefined": false
      }
    ],
    "isTemplate": false,
    "count": 0
  },
  {
    "id": "7e721a07-504b-4b4f-acfd-b54d07df071e",
    "data": [
      {
        "text": "What is item number?",
        "userDefined": false
      }
    ],
    "isTemplate": false,
    "count": 0
  }
]