[
  {
    "id": "c5bc2ee0-6866-4aa7-ab47-c60f73ef48a9",
    "data": [
      {
        "text": "where can I get COI",
        "userDefined": false
      }
    ],
    "isTemplate": false,
    "count": 0
  },
  {
    "id": "523bf6e6-b501-4101-9db6-4a4fb7392d5a",
    "data": [
      {
        "text": "what is a COI",
        "userDefined": false
      }
    ],
    "isTemplate": false,
    "count": 0
  },
  {
    "id": "c7408fc2-710e-4c06-a1da-b4c6e0155e99",
    "data": [
      {
        "text": "COI",
        "userDefined": false
      }
    ],
    "isTemplate": false,
    "count": 0,
    "updated": 0
  }
]