[
  {
    "id": "548b6bd1-c613-45ad-aa39-3eb066059300",
    "data": [
      {
        "text": "2",
        "userDefined": false
      }
    ],
    "isTemplate": false,
    "count": 0
  },
  {
    "id": "570ec441-f19b-4a20-addd-f4ff9e058a81",
    "data": [
      {
        "text": "4",
        "userDefined": false
      }
    ],
    "isTemplate": false,
    "count": 0
  },
  {
    "id": "fd4f88af-ea8b-4704-820b-b4461795b251",
    "data": [
      {
        "text": "6",
        "userDefined": false
      }
    ],
    "isTemplate": false,
    "count": 0
  },
  {
    "id": "b79abb06-ee3d-43be-878a-74b241271cb0",
    "data": [
      {
        "text": "45",
        "userDefined": false
      }
    ],
    "isTemplate": false,
    "count": 0
  },
  {
    "id": "42e0db98-17f0-47de-b930-f1a2e4974b83",
    "data": [
      {
        "text": "3",
        "userDefined": false
      }
    ],
    "isTemplate": false,
    "count": 0
  },
  {
    "id": "ce13ca56-74c8-41d9-8c2b-1e492e46a36f",
    "data": [
      {
        "text": "1",
        "userDefined": false
      }
    ],
    "isTemplate": false,
    "count": 0
  }
]