[
  {
    "id": "7a956228-f20c-4829-a4a6-e7140a223fa6",
    "data": [
      {
        "text": "﻿What is OSHC?",
        "userDefined": false
      }
    ],
    "isTemplate": false,
    "count": 0,
    "updated": 0
  },
  {
    "id": "c815eac3-8d04-4254-b4ce-4f1ecd988005",
    "data": [
      {
        "text": "OSHC",
        "userDefined": false
      }
    ],
    "isTemplate": false,
    "count": 0,
    "updated": 0
  },
  {
    "id": "424762a0-3956-407e-9b80-4d29966876a6",
    "data": [
      {
        "text": "health ?",
        "userDefined": false
      }
    ],
    "isTemplate": false,
    "count": 0,
    "updated": 0
  }
]