[
  {
    "id": "27ac29fd-f552-448e-9c02-3af95856fa64",
    "data": [
      {
        "text": "allianz global assistant",
        "userDefined": false
      }
    ],
    "isTemplate": false,
    "count": 0
  },
  {
    "id": "a51fcfb8-14d9-436d-83ef-9a8d7aa52f42",
    "data": [
      {
        "text": "Allianz OSHC",
        "userDefined": false
      }
    ],
    "isTemplate": false,
    "count": 0
  },
  {
    "id": "a9867072-d1d2-4495-8569-8fd8dfa9e239",
    "data": [
      {
        "text": "Allianz",
        "userDefined": false
      }
    ],
    "isTemplate": false,
    "count": 0
  },
  {
    "id": "08dacfbc-bcd8-40a6-8721-1916aabaa148",
    "data": [
      {
        "text": "allianz global assistance",
        "userDefined": false
      }
    ],
    "isTemplate": false,
    "count": 0
  }
]