[
  {
    "id": "b180048d-e875-44f4-aa76-1fc572b9710a",
    "data": [
      {
        "text": "CBHS",
        "userDefined": false
      }
    ],
    "isTemplate": false,
    "count": 0
  },
  {
    "id": "7d122722-8edb-464e-a1a9-b29aba3ad63e",
    "data": [
      {
        "text": "AHM",
        "userDefined": false
      }
    ],
    "isTemplate": false,
    "count": 0
  },
  {
    "id": "49a88de0-4e5a-4d92-a17c-a9a642c9a53c",
    "data": [
      {
        "text": "NIB",
        "userDefined": false
      }
    ],
    "isTemplate": false,
    "count": 0
  },
  {
    "id": "f4016ee0-d0ba-4697-abe5-2b8b5479af60",
    "data": [
      {
        "text": "Bupa",
        "userDefined": false
      }
    ],
    "isTemplate": false,
    "count": 0
  },
  {
    "id": "21eff485-994a-47a0-9230-160c4ccf425c",
    "data": [
      {
        "text": "no",
        "alias": "bolean",
        "meta": "@bolean",
        "userDefined": false
      }
    ],
    "isTemplate": false,
    "count": 0
  }
]